full_name,team_short_name,team,position,drafted_by
1,Jonathan Taylor,IND,Colts,RB,Always Next Year
2,Christian McCaffrey,CAR,Panthers,RB,Russ Riders
3,Derrick Henry,TEN,Titans,RB,Undrafted
4,Dalvin Cook,MIN,Vikings,RB,DirtBags
5,Austin Ekeler,LAC,Chargers,RB,Dark Energy
6,Joe Mixon,CIN,Bengals,RB,WhatDats
7,Nick Chubb,CLE,Browns,RB,Undrafted
8,Cooper Kupp,LAR,Rams,WR,DirtBags
9,Justin Jefferson,MIN,Vikings,WR,DirtBags
10,Najee Harris,PIT,Steelers,RB,Always Next Year
11,Travis Kelce,KC,Chiefs,TE,Always Next Year
12,Ja'Marr Chase,CIN,Bengals,WR,Russ Riders
13,D'Andre Swift,DET,Lions,RB,DirtBags
14,Mark Andrews,BAL,Ravens,TE,Dark Energy
15,CeeDee Lamb,DAL,Cowboys,WR,WhatDats
16,Stefon Diggs,BUF,Bills,WR,Easy Marks
17,Aaron Jones,GB,Packers,RB,Undrafted
18,Deebo Samuel,SF,49ers,WR,Dark Energy
19,Davante Adams,LV,Raiders,WR,Undrafted
20,Mike Evans,TB,Buccaneers,WR,Russ Riders
21,Saquon Barkley,NYG,Giants,RB,Undrafted
22,Leonard Fournette,TB,Buccaneers,RB,Undrafted
23,Javonte Williams,DEN,Broncos,RB,Hokie High
24,Tyreek Hill,MIA,Dolphins,WR,Undrafted
25,James Conner,ARI,Cardinals,RB,Undrafted
26,Alvin Kamara,NO,Saints,RB,WhatDats
27,A.J. Brown,PHI,Eagles,WR,Hokie High
28,Tee Higgins,CIN,Bengals,WR,Dark Energy
29,Kyle Pitts,ATL,Packers,TE,WhatDats
30,Ezekiel Elliott,DAL,Cowboys,RB,Undrafted
31,Josh Allen,BUF,Bills,QB,Easy Marks
32,Michael Pittman Jr,IND,Colts,WR,Sentinels
33,Keenan Allen,LAC,Chargers,WR,The Freeze
34,Cam Akers,LAR,Rams,RB,Hokie High
35,David Montgomery,CHI,Browns,RB,Always Next Year
36,D.J. Moore,CAR,Panthers,WR,Undrafted
37,Mike Williams,LAC,Chargers,WR,Undrafted
38,Terry McLaurin,WAS,Commanders,WR,Undrafted
39,George Kittle,SF,49ers,TE,Undrafted
40,Diontae Johnson,PIT,Steelers,WR,DirtBags
41,Courtland Sutton,DEN,Broncos,WR,Undrafted
42,D.K. Metcalf,SEA,Seahawks,WR,Dark Energy
43,Jaylen Waddle,MIA,Dolphins,WR,Easy Marks
44,Antonio Gibson,WAS,Commanders,RB,Hokie High
45,Justin Herbert,LAC,Chargers,QB,Dark Energy
46,Elijah Mitchell,SF,49ers,RB,Russ Riders
47,Breece Hall,NYJ,Jets,RB,Undrafted
48,Brandin Cooks,HOU,Texans,WR,Undrafted
49,Patrick Mahomes II,KC,Chiefs,QB,Easy Marks
50,Josh Jacobs,LV,Raiders,RB,Angry Midget Ninjas
51,Darren Waller,LV,Raiders,TE,Undrafted
52,Lamar Jackson,BAL,Ravens,QB,WhatDats
53,J.K. Dobbins,BAL,Ravens,RB,Dark Energy
54,Marquise Brown,ARI,Cardinals,WR,Sentinels
55,Amari Cooper,CLE,Browns,WR,Always Next Year
56,Allen Robinson II,LAR,Rams,WR,Undrafted
57,Travis Etienne Jr,JAC,Jaguars,RB,Angry Midget Ninjas
58,Gabriel Davis,BUF,Bills,WR,Undrafted
59,Jerry Jeudy,DEN,Broncos,WR,The Freeze
60,Darnell Mooney,CHI,Browns,WR,Undrafted
61,AJ Dillon,GB,Packers,RB,Undrafted
62,Kyler Murray,ARI,Cardinals,QB,Always Next Year
63,Damien Harris,NE,Patriots,RB,Undrafted
64,Elijah Moore,NYJ,Jets,WR,Dark Energy
65,Rashod Bateman,BAL,Ravens,WR,Hokie High
66,Jalen Hurts,PHI,Eagles,QB,Undrafted
67,Miles Sanders,PHI,Eagles,RB,DirtBags
68,Chris Godwin,TB,Buccaneers,WR,Undrafted
69,Dalton Schultz,DAL,Cowboys,TE,Undrafted
70,Joe Burrow,CIN,Bengals,QB,Always Next Year
71,Adam Thielen,MIN,Vikings,WR,The Freeze
72,Dallas Goedert,PHI,Eagles,TE,Undrafted
73,DeVonta Smith,PHI,Eagles,WR,The Freeze
74,JuJu Smith-Schuster,KC,Chiefs,WR,Hokie High
75,T.J. Hockenson,DET,Lions,TE,Hokie High
76,Amon-Ra St. Brown,DET,Lions,WR,Sentinels
77,Michael Thomas,NO,Saints,WR,Undrafted
78,Rashaad Penny,SEA,Seahawks,RB,Undrafted
79,Clyde Edwards-Helaire,KC,Chiefs,RB,Angry Midget Ninjas
80,Tom Brady,TB,Buccaneers,QB,DirtBags
81,Dak Prescott,DAL,Cowboys,QB,Dark Energy
82,Kareem Hunt,CLE,Browns,RB,Undrafted
83,Russell Wilson,DEN,Broncos,QB,Undrafted
84,Devin Singletary,BUF,Bills,RB,WhatDats
85,Brandon Aiyuk,SF,49ers,WR,The Freeze
86,Chase Edmonds,MIA,Dolphins,RB,Undrafted
87,Tyler Lockett,SEA,Seahawks,WR,Easy Marks
88,Tony Pollard,DAL,Cowboys,RB,Undrafted
89,DeAndre Hopkins,ARI,Cardinals,WR,Dark Energy
90,Melvin Gordon III,DEN,Broncos,RB,Dark Energy
91,Dawson Knox,BUF,Bills,TE,Undrafted
92,Matthew Stafford,LAR,Rams,QB,Undrafted
93,Allen Lazard,GB,Packers,WR,Undrafted
94,Drake London,ATL,Packers,WR,Undrafted
95,Ken Walker III,SEA,Seahawks,RB,Undrafted
96,Zach Ertz,ARI,Cardinals,TE,Undrafted
97,Hunter Renfrow,LV,Raiders,WR,Undrafted
98,Chase Claypool,PIT,Steelers,WR,Sentinels
99,Christian Kirk,JAC,Jaguars,WR,Undrafted
100,Robert Woods,TEN,Titans,WR,Undrafted
101,Rhamondre Stevenson,NE,Patriots,RB,Russ Riders
102,Trey Lance,SF,49ers,QB,The Freeze
103,Aaron Rodgers,GB,Packers,QB,Undrafted
104,Treylon Burks,TEN,Titans,WR,Undrafted
105,Cordarrelle Patterson,ATL,Packers,RB,Undrafted
106,Kirk Cousins,MIN,Vikings,QB,Sentinels
107,Derek Carr,LV,Raiders,QB,Undrafted
108,Ronald Jones II,KC,Chiefs,RB,Undrafted
109,Hunter Henry,NE,Patriots,TE,Sentinels
110,Kadarius Toney,NYG,Giants,WR,Undrafted
111,Marquez Valdes-Scantling,KC,Chiefs,WR,Sentinels
112,Russell Gage,TB,Buccaneers,WR,Undrafted
113,Michael Carter,NYJ,Jets,RB,Always Next Year
114,Chris Olave,NO,Saints,WR,Undrafted
115,Pat Freiermuth,PIT,Steelers,TE,Undrafted
116,Tua Tagovailoa,MIA,Dolphins,QB,DirtBags
117,James Cook,BUF,Bills,RB,Undrafted
118,Mike Gesicki,MIA,Dolphins,TE,Undrafted
119,Garrett Wilson,NYJ,Jets,WR,Undrafted
120,Justin Fields,CHI,Browns,QB,Easy Marks
121,Darrell Henderson Jr,LAR,Rams,RB,WhatDats
122,Alexander Mattison,MIN,Vikings,RB,Russ Riders
123,James Robinson,JAC,Jaguars,RB,Angry Midget Ninjas
124,Cole Kmet,CHI,Browns,TE,The Freeze
125,Michael Gallup,DAL,Cowboys,WR,Undrafted
126,Kenny Golladay,NYG,Giants,WR,The Freeze
127,Trevor Lawrence,JAC,Jaguars,QB,WhatDats
128,Tyler Boyd,CIN,Bengals,WR,Undrafted
129,Robert Tonyan,GB,Packers,TE,Undrafted
130,Raheem Mostert,MIA,Dolphins,RB,Undrafted
131,Skyy Moore,KC,Chiefs,WR,Undrafted
132,Irv Smith Jr,MIN,Vikings,TE,Dark Energy
133,Jarvis Landry,NO,Saints,WR,Undrafted
134,Gus Edwards,BAL,Ravens,RB,Undrafted
135,Noah Fant,SEA,Seahawks,TE,Undrafted
136,Jakobi Meyers,NE,Patriots,WR,Angry Midget Ninjas
137,Dameon Pierce,HOU,Texans,RB,Undrafted
138,Tim Patrick,DEN,Broncos,WR,Undrafted
139,Isaiah Spiller,LAC,Chargers,RB,Undrafted
140,DeVante Parker,NE,Patriots,WR,Undrafted
141,Jameis Winston,NO,Saints,QB,The Freeze
142,Matt Ryan,IND,Colts,QB,Undrafted
143,Jamaal Williams,DET,Lions,RB,Undrafted
144,DJ Chark Jr,DET,Lions,WR,Undrafted
145,David Njoku,CLE,Browns,TE,Undrafted
146,Kenneth Gainwell,PHI,Eagles,RB,Undrafted
147,Albert Okwuegbunam,DEN,Broncos,TE,Undrafted
148,Ryan Tannehill,TEN,Titans,QB,Sentinels
149,Tyler Higbee,LAR,Rams,TE,Russ Riders
150,Gerald Everett,LAC,Chargers,TE,Undrafted
151,Daniel Jones,NYG,Giants,QB,Undrafted
152,Nyheim Hines,IND,Colts,RB,Undrafted
153,Zach Wilson,NYJ,Jets,QB,Undrafted
154,Buffalo Bills,BUF,Bills,DST,Undrafted
155,Sony Michel,MIA,Dolphins,RB,Undrafted
156,Khalil Herbert,CHI,Browns,RB,Undrafted
157,J.D. McKissic,WAS,Commanders,RB,Undrafted
158,Marlon Mack,HOU,Texans,RB,Undrafted
159,Mac Jones,NE,Patriots,QB,DirtBags
160,Rondale Moore,ARI,Cardinals,WR,Dark Energy
161,Tampa Bay Buccaneers,TB,Buccaneers,DST,Easy Marks
162,Logan Thomas,WAS,Commanders,TE,Easy Marks
163,Tyler Allgeier,ATL,Packers,RB,Undrafted
164,Evan Engram,JAC,Jaguars,TE,Undrafted
165,Corey Davis,NYJ,Jets,WR,Undrafted
166,Van Jefferson,LAR,Rams,WR,The Freeze
167,San Francisco 49ers,SF,49ers,DST,Undrafted
168,Carson Wentz,WAS,Commanders,QB,Undrafted
169,Rachaad White,TB,Buccaneers,RB,Undrafted
170,D'Onta Foreman,CAR,Panthers,RB,Undrafted
171,Mecole Hardman,KC,Chiefs,WR,Undrafted
172,Mark Ingram II,NO,Saints,RB,Undrafted
173,Indianapolis Colts,IND,Colts,DST,Undrafted
174,Jameson Williams,DET,Lions,WR,Undrafted
175,Darrel Williams,ARI,Cardinals,RB,Angry Midget Ninjas
176,Christian Watson,GB,Packers,WR,Undrafted
177,Austin Hooper,TEN,Titans,TE,Sentinels
178,Jahan Dotson,WAS,Commanders,WR,Undrafted
179,Robbie Anderson,CAR,Panthers,WR,Sentinels
180,Justin Tucker,BAL,Ravens,K,WhatDats
181,Jared Goff,DET,Lions,QB,Undrafted
182,New England Patriots,NE,Patriots,DST,Undrafted
183,Denver Broncos,DEN,Broncos,DST,WhatDats
184,New Orleans Saints,NO,Saints,DST,Undrafted
185,Marvin Jones Jr,JAC,Jaguars,WR,Undrafted
186,Los Angeles Rams,LAR,Rams,DST,Undrafted
187,Tyler Bass,BUF,Bills,K,Undrafted
188,Matt Gay,LAR,Rams,K,Undrafted
189,Jamison Crowder,BUF,Bills,WR,Undrafted
190,Deshaun Watson,CLE,Browns,QB,Undrafted
191,Nico Collins,HOU,Texans,WR,Angry Midget Ninjas
192,Davis Mills,HOU,Texans,QB,Undrafted
193,Julio Jones,TB,Buccaneers,WR,Undrafted
194,Hayden Hurst,CIN,Bengals,TE,Undrafted
195,Joshua Palmer,LAC,Chargers,WR,The Freeze
196,Kendrick Bourne,NE,Patriots,WR,Undrafted
197,Daniel Carlson,LV,Raiders,K,Undrafted
198,Los Angeles Chargers,LAC,Chargers,DST,Undrafted
199,Brian Robinson Jr.,WAS,Commanders,RB,Undrafted
200,Dallas Cowboys,DAL,Cowboys,DST,Undrafted
201,Curtis Samuel,WAS,Commanders,WR,Undrafted
202,K.J. Osborn,MIN,Vikings,WR,Undrafted
203,Baker Mayfield,CAR,Panthers,QB,Undrafted
204,Kansas City Chiefs,KC,Chiefs,DST,Undrafted
205,Boston Scott,PHI,Eagles,RB,Undrafted
206,Evan McPherson,CIN,Bengals,K,Undrafted
207,Miami Dolphins,MIA,Dolphins,DST,Undrafted
208,Kenyan Drake,LV,Raiders,RB,Undrafted
209,Ryan Succop,TB,Buccaneers,K,Undrafted
210,Green Bay Packers,GB,Packers,DST,Undrafted
211,Donovan Peoples-Jones,CLE,Browns,WR,Undrafted
212,George Pickens,PIT,Steelers,WR,Undrafted
213,Sterling Shepard,NYG,Giants,WR,Undrafted
214,A.J. Green,ARI,Cardinals,WR,Undrafted
215,Harrison Butker,KC,Chiefs,K,Undrafted
216,Matt Prater,ARI,Cardinals,K,Undrafted
217,Zamir White,LV,Raiders,RB,Undrafted
218,Cleveland Browns,CLE,Browns,DST,Undrafted
219,Parris Campbell,IND,Colts,WR,Undrafted
220,Chuba Hubbard,CAR,Panthers,RB,Angry Midget Ninjas
221,Baltimore Ravens,BAL,Ravens,DST,The Freeze
222,Pittsburgh Steelers,PIT,Steelers,DST,Undrafted
223,Laviska Shenault Jr.,JAC,Jaguars,WR,WhatDats
224,Rodrigo Blankenship,IND,Colts,K,Undrafted
225,James White,NE,Patriots,RB,Undrafted
226,Younghoe Koo,ATL,Packers,K,Sentinels
227,Philadelphia Eagles,PHI,Eagles,DST,Undrafted
228,Myles Gaskin,MIA,Dolphins,RB,Undrafted
229,Jason Sanders,MIA,Dolphins,K,Undrafted
230,Brevin Jordan,HOU,Texans,TE,Undrafted
231,Samaje Perine,CIN,Bengals,RB,Undrafted
232,Marcus Mariota,ATL,Packers,QB,Undrafted
233,David Bell,CLE,Browns,WR,Undrafted
234,William Fuller V,FA,Free Agent,WR,Undrafted
235,Jonnu Smith,NE,Patriots,TE,Undrafted
236,Tyrion Davis-Price,SF,49ers,RB,Undrafted
237,Trey Sermon,SF,49ers,RB,Sentinels
238,Adam Trautman,NO,Saints,TE,WhatDats
239,Damien Williams,ATL,Packers,RB,Undrafted
240,Brandon McManus,DEN,Broncos,K,Undrafted
241,Arizona Cardinals,ARI,Cardinals,DST,Undrafted
242,D'Ernest Johnson,CLE,Browns,RB,Undrafted
243,Nick Folk,NE,Patriots,K,Undrafted
244,Robbie Gould,SF,49ers,K,Undrafted
245,Odell Beckham Jr,FA,Free Agent,WR,Always Next Year
246,Terrace Marshall Jr,CAR,Panthers,WR,DirtBags
247,Byron Pringle,CHI,Browns,WR,Undrafted
248,Jake Elliott,PHI,Eagles,K,Undrafted
249,Tennessee Titans,TEN,Titans,DST,Undrafted
250,Carolina Panthers,CAR,Panthers,DST,Undrafted
251,Dan Arnold,JAC,Jaguars,TE,Undrafted
252,Mitch Trubisky,PIT,Steelers,QB,Undrafted
253,Alec Pierce,IND,Colts,WR,Undrafted
254,Braxton Berrios,NYJ,Jets,WR,Undrafted
255,Jalen Tolbert,DAL,Cowboys,WR,Undrafted
256,Marquez Callaway,NO,Saints,WR,Angry Midget Ninjas
257,Greg Zuerlein,NYJ,Jets,K,Undrafted
258,Dustin Hopkins,LAC,Chargers,K,Undrafted
259,Cincinnati Bengals,CIN,Bengals,DST,Undrafted
260,Bryan Edwards,ATL,Packers,WR,Undrafted
261,Wan'Dale Robinson,NYG,Giants,WR,Undrafted
262,Zack Moss,BUF,Bills,RB,WhatDats
263,Mo Alie-Cox,IND,Colts,TE,Undrafted
264,Minnesota Vikings,MIN,Vikings,DST,Undrafted
265,Chris Boswell,PIT,Steelers,K,Undrafted
266,Jeff Wilson Jr.,SF,49ers,RB,Undrafted
267,Jerick McKinnon,KC,Chiefs,RB,Undrafted
268,Wil Lutz,NO,Saints,K,Hokie High
269,Rex Burkhead,HOU,Texans,RB,Undrafted
270,KJ Hamler,DEN,Broncos,WR,Undrafted
271,Randall Cobb,GB,Packers,WR,Undrafted
272,Mike Davis,BAL,Ravens,RB,Sentinels
273,Mason Crosby,GB,Packers,K,Undrafted
274,Chicago Bears,CHI,Browns,DST,Undrafted
275,Zay Jones,JAC,Jaguars,WR,Undrafted
276,C.J. Uzomah,NYJ,Jets,TE,Undrafted
277,Cedrick Wilson Jr,MIA,Dolphins,WR,Undrafted
278,Nelson Agholor,NE,Patriots,WR,Undrafted
279,Cameron Brate,TB,Buccaneers,TE,Undrafted
280,Phillip Lindsay,IND,Colts,RB,Undrafted
281,Matt Breida,NYG,Giants,RB,Undrafted
282,O.J. Howard,BUF,Bills,TE,Undrafted
283,Washington Commanders,WAS,Commanders,DST,Always Next Year
284,Ke'Shawn Vaughn,TB,Buccaneers,RB,Undrafted
285,Graham Gano,NYG,Giants,K,Undrafted
286,Jason Myers,SEA,Seahawks,K,Undrafted
287,Sammy Watkins,GB,Packers,WR,Undrafted
288,Trey McBride,ARI,Cardinals,TE,Undrafted
289,New York Giants,NYG,Giants,DST,Undrafted
290,Tre'Quan Smith,NO,Saints,WR,Undrafted
291,Greg Joseph,MIN,Vikings,K,Undrafted
292,Hassan Haskins,TEN,Titans,RB,Undrafted
293,Emmanuel Sanders,BUF,Bills,WR,Undrafted
294,Cairo Santos,CHI,Browns,K,Undrafted
295,Seattle Seahawks,SEA,Seahawks,DST,Undrafted
296,New York Jets,NYJ,Jets,DST,Undrafted
297,Jimmy Garoppolo,SF,49ers,QB,Undrafted
298,Randy Bullock,TEN,Titans,K,Undrafted
299,Kenny Pickett,PIT,Steelers,QB,Undrafted
300,Darius Slayton,NYG,Giants,WR,Undrafted
301,Isaiah McKenzie,BUF,Bills,WR,Undrafted
302,Ka'imi Fairbairn,HOU,Texans,K,Undrafted
303,Josh Reynolds,DET,Lions,WR,Undrafted
304,Ty Johnson,NYJ,Jets,RB,Undrafted
305,Drew Lock,SEA,Seahawks,QB,Undrafted
306,Dyami Brown,WAS,Commanders,WR,Russ Riders
307,Jalen Reagor,PHI,Eagles,WR,Undrafted
308,Jacksonville Jaguars,JAC,Jaguars,DST,Undrafted
309,Quez Watkins,PHI,Eagles,WR,Undrafted
310,Quintez Cephus,DET,Lions,WR,Undrafted
311,Kyren Williams,LAR,Rams,RB,Undrafted
312,Pierre Strong Jr.,NE,Patriots,RB,Undrafted
313,Jared Cook,FA,Free Agent,TE,Undrafted
314,Justin Jackson,FA,Free Agent,RB,Undrafted
315,Joshua Kelley,LAC,Chargers,RB,Undrafted
316,John Metchie III,HOU,Texans,WR,Undrafted
317,Eno Benjamin,ARI,Cardinals,RB,Undrafted
318,Cole Beasley,FA,Free Agent,WR,Undrafted
319,Chris Evans,CIN,Bengals,RB,Undrafted
320,Duke Johnson Jr.,BUF,Bills,RB,Undrafted
321,Sam Darnold,CAR,Panthers,QB,Undrafted
322,Chase McLaughlin,FA,Free Agent,K,Undrafted
323,Josh Lambo,FA,Free Agent,K,Undrafted
324,Darrynton Evans,CHI,Browns,RB,Undrafted
325,Salvon Ahmed,MIA,Dolphins,RB,Undrafted
326,David Johnson,FA,Free Agent,RB,Undrafted
327,James Washington,DAL,Cowboys,WR,Undrafted
328,Kyle Rudolph,TB,Buccaneers,TE,Undrafted
329,Tevin Coleman,NYJ,Jets,RB,Russ Riders
330,Geno Smith,SEA,Seahawks,QB,Undrafted
331,Giovani Bernard,TB,Buccaneers,RB,Undrafted
332,Jaret Patterson,WAS,Commanders,RB,Undrafted
333,Desmond Ridder,ATL,Packers,QB,Undrafted
334,T.Y. Hilton,FA,Free Agent,WR,Undrafted
335,Malcolm Brown,NO,Saints,RB,Undrafted
336,Ricky Seals-Jones,NYG,Giants,TE,Undrafted
337,Jerome Ford,CLE,Browns,RB,Undrafted
338,Devin Duvernay,BAL,Ravens,WR,Undrafted
339,Harrison Bryant,CLE,Browns,TE,Undrafted
340,Anthony Firkser,ATL,Packers,TE,Undrafted
341,Jacoby Brissett,CLE,Browns,QB,Undrafted
342,Latavius Murray,FA,Free Agent,RB,Undrafted
343,Greg Dulcich,DEN,Broncos,TE,Undrafted
344,Velus Jones Jr,CHI,Browns,WR,Undrafted
345,Devontae Booker,FA,Free Agent,RB,Easy Marks
346,Tyler Conklin,NYJ,Jets,TE,Undrafted
347,Devonta Freeman,FA,Free Agent,RB,Undrafted
348,Tommy Tremble,CAR,Panthers,TE,Undrafted
349,Romeo Doubs,GB,Packers,WR,Undrafted
350,Nick Westbrook-Ikhine,TEN,Titans,WR,Undrafted
351,Demarcus Robinson,LV,Raiders,WR,Undrafted
352,Wayne Gallman Jr,FA,Free Agent,RB,Undrafted
353,Jalen Guyton,LAC,Chargers,WR,Undrafted
354,Tyler Badie,BAL,Ravens,RB,Undrafted
355,Snoop Conner,JAC,Jaguars,RB,Undrafted
356,Dontrell Hilliard,TEN,Titans,RB,Undrafted
357,Jelani Woods,IND,Colts,TE,Undrafted
358,Tyquan Thornton,NE,Patriots,WR,Undrafted
359,Keaontay Ingram,ARI,Cardinals,RB,Undrafted
360,Las Vegas Raiders,LV,Raiders,DST,Undrafted
361,Donald Parham Jr,LAC,Chargers,TE,Undrafted
362,Cade Otton,TB,Buccaneers,TE,Undrafted
363,Daniel Bellinger,NYG,Giants,TE,Undrafted
364,Amari Rodgers,GB,Packers,WR,Russ Riders
365,Jonathan Garibay,DAL,Cowboys,K,Undrafted
366,Antonio Brown,FA,Free Agent,WR,Undrafted
367,Detroit Lions,DET,Lions,DST,Undrafted
368,Foster Moreau,LV,Raiders,TE,Undrafted
369,Teddy Bridgewater,MIA,Dolphins,QB,Undrafted
370,Cade York,CLE,Browns,K,Undrafted
371,Tyler Johnson,TB,Buccaneers,WR,Undrafted
372,Derrick Gore,KC,Chiefs,RB,Undrafted
373,Atlanta Falcons,ATL,Packers,DST,Undrafted
374,Laquon Treadwell,JAC,Jaguars,WR,Undrafted
375,Khalil Shakir,BUF,Bills,WR,Undrafted
376,Eric Ebron,FA,Free Agent,TE,Undrafted
377,Malik Willis,TEN,Titans,QB,Undrafted
378,Benny Snell Jr.,PIT,Steelers,RB,Undrafted
379,Taysom Hill,NO,Saints,QB,Undrafted
380,Dee Eskridge,SEA,Seahawks,WR,Undrafted
381,Anthony Schwartz,CLE,Browns,WR,Undrafted
382,Isiah Pacheco,KC,Chiefs,RB,Undrafted
383,Olamide Zaccheaus,ATL,Packers,WR,Undrafted
384,Matt Corral,CAR,Panthers,QB,Undrafted
385,Kylen Granson,IND,Colts,TE,Undrafted
386,James Proche II,BAL,Ravens,WR,Undrafted
387,Calvin Austin III,PIT,Steelers,WR,Undrafted
388,Tristan Vizcaino,NE,Patriots,K,Undrafted
389,DeeJay Dallas,SEA,Seahawks,RB,Undrafted
390,Blake Jarwin,FA,Free Agent,TE,Undrafted
391,Jauan Jennings,SF,49ers,WR,Undrafted
392,Tyrell Williams,FA,Free Agent,WR,Undrafted
393,Austin Seibert,DET,Lions,K,Undrafted
394,Abram Smith,NO,Saints,RB,Undrafted
395,John Bates,WAS,Commanders,TE,Undrafted
396,Tarik Cohen,FA,Free Agent,RB,Undrafted
397,Josiah Deguara,GB,Packers,TE,Undrafted
398,Joey Slye,WAS,Commanders,K,Undrafted
399,Houston Texans,HOU,Texans,DST,Undrafted
400,Tony Jones Jr,NO,Saints,RB,Undrafted
401,Danny Gray,SF,49ers,WR,Undrafted
402,Kene Nwangwu,MIN,Vikings,RB,Undrafted
403,Kyle Philips,TEN,Titans,WR,Undrafted
404,Zach Pascal,PHI,Eagles,WR,Undrafted
405,Zane Gonzalez,CAR,Panthers,K,Undrafted
406,Isaiah Likely,BAL,Ravens,TE,Undrafted
407,Tylan Wallace,BAL,Ravens,WR,Undrafted
408,Equanimeous St. Brown,CHI,Browns,WR,Undrafted
409,Jeremy Ruckert,NYJ,Jets,TE,Undrafted
410,Chris Conley,HOU,Texans,WR,Undrafted
411,N'Keal Harry,CHI,Browns,WR,Undrafted
412,Rashard Higgins,CAR,Panthers,WR,Undrafted
413,Jimmy Graham,FA,Free Agent,TE,Undrafted
414,Jamal Agnew,JAC,Jaguars,WR,Undrafted
415,Chris Herndon IV,FA,Free Agent,TE,Undrafted
416,Ryan Santoso,JAC,Jaguars,K,Undrafted
417,Carlos Hyde,FA,Free Agent,RB,Undrafted
418,Jordan Howard,FA,Free Agent,RB,Undrafted
419,Deonte Harty,NO,Saints,WR,Undrafted
420,Craig Reynolds,DET,Lions,RB,Undrafted
421,Jermar Jefferson,DET,Lions,RB,Undrafted
422,Juwan Johnson,NO,Saints,TE,Undrafted
423,Le'Veon Bell,FA,Free Agent,RB,Undrafted
424,Justyn Ross,KC,Chiefs,WR,Undrafted
425,Brandon Bolden,LV,Raiders,RB,Undrafted
426,Gardner Minshew II,PHI,Eagles,QB,Undrafted
427,Quinn Nordin,FA,Free Agent,K,Undrafted
428,Tutu Atwell,LAR,Rams,WR,Undrafted
429,Geoff Swaim,TEN,Titans,TE,Undrafted
430,Tyler Huntley,BAL,Ravens,QB,Undrafted
431,Riley Patterson,DET,Lions,K,Undrafted
432,DeSean Jackson,FA,Free Agent,WR,Undrafted
433,Kylin Hill,GB,Packers,RB,Undrafted
434,Jordan Akins,NYG,Giants,TE,Undrafted
435,Jacob Harris,LAR,Rams,TE,Undrafted
436,Kevin Harris,NE,Patriots,RB,Undrafted
437,Ihmir Smith-Marsette,MIN,Vikings,WR,Undrafted
438,Anthony McFarland Jr,PIT,Steelers,RB,Undrafted
439,Auden Tate,ATL,Packers,WR,Undrafted
440,Ty Chandler,MIN,Vikings,RB,Undrafted
441,Taylor Heinicke,WAS,Commanders,QB,Undrafted
442,Pharaoh Brown,HOU,Texans,TE,Undrafted
443,Mike Boone,DEN,Broncos,RB,Undrafted
444,Keelan Cole Sr.,LV,Raiders,WR,Undrafted
445,JaMycal Hasty,SF,49ers,RB,Undrafted
446,Tyrod Taylor,NYG,Giants,QB,Undrafted
447,Will Dissly,SEA,Seahawks,TE,Undrafted
448,Jeremy McNichols,PIT,Steelers,RB,Undrafted
449,Sam Howell,WAS,Commanders,QB,Undrafted
450,Breshad Perriman,TB,Buccaneers,WR,Undrafted
451,Ameer Abdullah,LV,Raiders,RB,Undrafted
452,Demetric Felton Jr,CLE,Browns,RB,Undrafted
453,Jashaun Corbin,NYG,Giants,RB,Undrafted
454,Antoine Wesley,ARI,Cardinals,WR,Undrafted
455,Rico Dowdle,DAL,Cowboys,RB,Undrafted
456,Travis Homer,SEA,Seahawks,RB,Undrafted
457,Dare Ogunbowale,HOU,Texans,RB,Undrafted
458,Kyle Juszczyk,SF,49ers,RB,Undrafted
459,Mack Hollins,LV,Raiders,WR,Undrafted
460,Dez Fitzpatrick,TEN,Titans,WR,Undrafted
461,Noah Brown,DAL,Cowboys,WR,Undrafted
462,Ryan Griffin,CHI,Browns,TE,Undrafted
463,Kalif Raymond,DET,Lions,WR,Undrafted
464,Andy Dalton,NO,Saints,QB,Undrafted
465,Lirim Hajrullahu,DAL,Cowboys,K,Undrafted
466,Charlie Kolar,BAL,Ravens,TE,Undrafted
467,Denzel Mims,NYJ,Jets,WR,Undrafted
468,Chigoziem Okonkwo,TEN,Titans,TE,Undrafted
469,Carlos Martinez,DAL,Cowboys,K,Undrafted
470,Jake Ferguson,DAL,Cowboys,TE,Undrafted
471,Ian Thomas,CAR,Panthers,TE,Undrafted
472,Kerryon Johnson,FA,Free Agent,RB,Undrafted
473,Jalen Wydermyer,BUF,Bills,TE,Undrafted
474,Freddie Swain,SEA,Seahawks,WR,Undrafted
475,Maxx Williams,ARI,Cardinals,TE,Undrafted
476,Ryquell Armstead,JAC,Jaguars,RB,Undrafted
477,Jalen Nailor,MIN,Vikings,WR,Undrafted
478,Zonovan Knight,NYJ,Jets,RB,Undrafted
479,Gary Brightwell,NYG,Giants,RB,Undrafted
480,Tre' McKitty,LAC,Chargers,TE,Undrafted
481,Noah Gray,KC,Chiefs,TE,Undrafted
482,Eddy Pineiro,NYJ,Jets,K,Undrafted
483,Nick Vannett,NO,Saints,TE,Undrafted
484,Hunter Long,MIA,Dolphins,TE,Undrafted
485,Ashton Dulin,IND,Colts,WR,Undrafted
486,Andrew Jacas,SF,49ers,K,Undrafted
487,Tyler Kroft,SF,49ers,TE,Undrafted
488,Godwin Igwebuike,DET,Lions,RB,Undrafted
489,Julius Chestnut,TEN,Titans,RB,Undrafted
490,Phillip Dorsett II,HOU,Texans,WR,Undrafted
491,Ross Dwelley,SF,49ers,TE,Undrafted
492,Trestan Ebner,CHI,Browns,RB,Undrafted
493,Jordan Love,GB,Packers,QB,Undrafted
494,Ben Mason,BAL,Ravens,RB,Undrafted
495,Anthony Miller,PIT,Steelers,WR,Undrafted
496,James O'Shaughnessy,CHI,Browns,TE,Undrafted
497,Josh Gordon,KC,Chiefs,WR,Undrafted
498,Durham Smythe,MIA,Dolphins,TE,Undrafted
499,Drew Sample,CIN,Bengals,TE,Undrafted
500,Kennedy Brooks,PHI,Eagles,RB,Undrafted
501,Kendall Blanton,LAR,Rams,TE,Undrafted
502,Nick Boyle,BAL,Ravens,TE,Undrafted
503,Blake Bell,KC,Chiefs,TE,Undrafted
504,Sincere McCormick,LV,Raiders,RB,Undrafted
505,Justin Watson,KC,Chiefs,WR,Undrafted
506,Trent Sherfield,MIA,Dolphins,WR,Undrafted
507,Miles Boykin,PIT,Steelers,WR,Undrafted
508,Cole Turner,WAS,Commanders,TE,Undrafted
509,Jacob Hollister,LV,Raiders,TE,Undrafted
510,Ben Skowronek,LAR,Rams,WR,Undrafted
511,Brock Wright,DET,Lions,TE,Undrafted
512,Preston Williams,MIA,Dolphins,WR,Undrafted
513,Larry Rountree III,LAC,Chargers,RB,Undrafted
514,Keke Coutee,IND,Colts,WR,Undrafted
515,Marcedes Lewis,GB,Packers,TE,Undrafted
516,Case Keenum,BUF,Bills,QB,Undrafted
517,Zach Gentry,PIT,Steelers,TE,Undrafted
518,Dwayne Haskins,PIT,Steelers,QB,Hokie High
519,Chris Carson,SEA,Seahawks,RB,Undrafted
520,Rob Gronkowski,TAM,Buccaneers,TE,DirtBags